{
    "__createdwith": "opl's Model Creator",
    "ambientocclusion": false,
    "textures": {
        "0": "blocks/waterlily",
        "1": "blocks/wg_lily",
        "particle": "blocks/waterlily"
    },
    "elements": [
        {
            "from": [0.5,0.25,0.5],
            "to": [16.5,0.25,16.5],
            "faces": {
                "up": {
                    "uv": [16.0,0.0,0.0,16.0],
                    "texture": "#0"
                },
                "down": {
                    "uv": [16.0,16.0,0.0,0.0],
                    "texture": "#0"
                }
            }
        },
        {
            "from": [8,0.2,4.5],
            "to": [8,5,11.5],
            "faces": {
                "up": {
                    "uv": [0.0,0.0,12.0,16.0],
                    "texture": "missingtexture"
                },
                "down": {
                    "uv": [0.0,0.0,-6.0,3.0],
                    "texture": "missingtexture"
                },
                "west": {
                    "uv": [11.5,11.0,4.5,16.0],
                    "texture": "#1"
                },
                "east": {
                    "uv": [4.5,11.0,11.5,16.0],
                    "texture": "#1"
                },
                "north": {
                    "uv": [0.0,0.0,0.0,5.0],
                    "texture": "missingtexture"
                },
                "south": {
                    "uv": [0.0,0.0,-6.0,3.0],
                    "texture": "missingtexture"
                }
            }
        },
        {
            "from": [4.5,0.19999999,8],
            "to": [11.5,5,8],
            "faces": {
                "up": {
                    "uv": [0.0,0.0,-1.0,2.0],
                    "texture": "missingtexture"
                },
                "down": {
                    "uv": [0.0,0.0,7.0,0.0],
                    "texture": "missingtexture"
                },
                "west": {
                    "uv": [0.0,0.0,-1.0,1.0],
                    "texture": "missingtexture"
                },
                "east": {
                    "uv": [0.0,0.0,-3.0,1.0],
                    "texture": "missingtexture"
                },
                "north": {
                    "uv": [4.5,11.0,11.5,16.0],
                    "texture": "#1"
                },
                "south": {
                    "uv": [4.5,11.0,11.5,16.0],
                    "texture": "#1"
                }
            }
        }
    ]
}