{
    "__comment": "Model generated using MrCrayfish's Model Creator (http://mrcrayfish.com/modelcreator/)",
"ambientocclusion": false,
    "textures": {
        "particle": "blocks/blocks/waterlily",
        "0": "blocks/waterlily"
    },
    "elements": [
        {
            "name": "Element",
            "from": [ 0.0, 0.25, 0.0 ], 
            "to": [ 16.0, 0.25, 16.0 ], 
            "faces": {
                "up": { "texture": "#0", "uv": [ 16.0, 0.0, 0.0, 16.0 ] },
                "down": { "texture": "#0", "uv": [ 16.0, 16.0, 0.0, 0.0 ] }
            }
        }
    ]
}